,sample_id,First_Name,Last_Name,Age,Gender,BMI,Height,country,city,case_control_status,education_level,gene1,gene2,gene3,gene4,gene5,gene6,gene7,gene8,gene9,gene10,snp1,snp2,snp3,snp4,snp5
0,A001,Semideo,Aguirre,56.0,M,31.5,1.4,United States,Schuyler Falls,case,primary,0.8032171100476333,-0.5692734132229935,0.19140813019670166,-0.2773546746363229,0.8306046419947581,0.6205857539098054,0.8683179920593289,7.377650713169537e-05,-0.4139913170665892,0.8114710347753935,2,1,0,2,1
1,A002,Sheri,Mcmahon,34.0,F,26.0,1.62,Chile,Punta Arenas,control,primary,-0.2647974631831287,-0.18514997819270973,-0.7114210820791651,0.7712991975795778,0.33076763863788416,-0.6326411026978727,0.16809955988832104,-0.09612799222234014,0.8744043575412879,-0.15633388224152256,0,2,2,2,0
2,A003,Necati,Parsons,35.0,M,25.1,1.61,France,Saint-Raphaël,control,high school,-0.12292286974272493,0.602776897612957,-0.9685445295198736,0.6296548453247903,0.8932656711906968,-0.20131313649443583,0.8167621675999004,-0.8092147414189508,0.09148839540219256,-0.1013476266354898,1,1,1,1,2
3,A004,Monyka,Griffith,29.0,F,24.1,1.68,Brazil,Guimarânia,case,high school,0.21510299877155248,0.08580455068505533,0.3841444575212829,0.5348661375004371,-0.25590937387950796,-0.2827303676213597,0.12030059613460153,0.9568482363211928,-0.062068142826137596,-0.733189030233399,2,2,1,1,2
4,A005,Rainer-Francis,Gilbert,49.0,M,19.2,1.87,Malta,Mosta,case,primary,0.9368851507502569,-0.6227051437318871,0.1853143675778408,0.5392416652113625,-0.16149011443073857,0.7204993254636833,-0.015530383145690774,-0.03693027743054533,-0.5966328007549278,0.28572128509322514,1,1,2,2,0
5,A006,Tijah,Irwin,17.0,M,20.3,1.83,Canada,Port-Cartier,case,high school,-0.7498671116810063,0.5694516600649502,-0.35745192687449645,-0.4629943039439668,-0.6701810501882794,0.7836718709792561,0.935269825014402,-0.8286572538989463,-0.4871361661206466,-0.2784841859344458,1,0,1,1,1
6,A007,Sahab,Reid,57.0,M,24.9,1.62,Argentina,Pinamar,control,high school,0.2871543957992202,-0.44402770296253724,-0.33182627572794976,-0.01233390896716613,-0.46069105412776734,-0.028067849634231035,0.08627825428857294,-0.9898129797966131,-0.3147953705930122,-0.4217065850912465,0,2,1,0,2
7,A008,Nyko,Crosby,32.0,M,27.9,1.5,Moldova,Cahul,control,bachelor,-0.6777790645199957,-0.597834545301857,0.33039562311811044,0.7231911597457605,0.6673520644479358,-0.2875195900238574,0.010300476603873232,-0.19450479336627957,0.7088769607459242,0.9318093536092227,1,0,2,1,2
8,A009,Yetzali,Sutton,43.0,F,28.3,1.51,France,Cognin,case,primary,0.46179050865920046,0.22920233287390523,-0.2078711249325289,-0.4606103376474284,0.11766339784738067,0.4449628091594824,0.9542182458090152,0.38194096040271575,-0.3813737758518789,-0.6524677629421671,0,0,0,1,0
9,A010,Agok,Torres,38.0,F,31.2,1.44,Romania,Turda,case,bachelor,-0.7514761289672798,0.8413665061271163,0.8327031889462055,0.8507578148353487,-0.8744897028038809,-0.7706466196962176,-0.9731037727495881,0.8754386066113464,0.9799276626135736,0.963996897435835,2,1,0,1,2
10,A011,Vela,Barton,55.0,F,30.7,1.47,Philippines,San Miguel,control,primary,0.1699908821267404,-0.8165966841961514,-0.36289929119576914,-0.7076403464229621,0.24154827085101305,0.8996896168413238,0.32192265890766847,0.0004418177685454605,-0.3103717820456551,0.00774089914208731,0,1,2,2,1
11,A012,Nayalis,Vasquez,19.0,F,31.8,1.43,Czechia,Třeboň,case,high school,0.26439901962772794,-0.20682998844005485,0.8492157976038686,0.6911786739506276,0.06172392007755967,0.6810278000650121,-0.8047547151817083,0.4836798759615961,-0.6171488065347248,-0.19583146942453333,2,2,1,1,1
12,A013,Tyvell,Ewing,37.0,M,21.6,1.78,Australia,Mount Barker,control,bachelor,-0.5888081890099028,-0.3635639730065714,-0.8629918523760822,-0.293704684900036,0.9316175176548027,-0.9919093818078646,0.4034245772352618,-0.3219982703033659,-0.3396528350086714,0.28801071172521,2,1,2,1,1
13,A014,Smt.Sehran,Bush,36.0,F,30.2,1.47,Slovenia,Ruše,case,primary,0.7681945133268964,-0.7178971765831264,0.7877518319676551,0.4544724063144483,-0.12019059269939869,0.8648171028264071,0.62961360852657,-0.26548597513348837,-0.81380358627461,-0.17169437008368815,0,1,2,2,1
14,A015,Maverick,Frey,51.0,M,18.1,1.96,United States,Lewisville,case,primary,0.5303156922704964,-0.6035617022547297,0.25270879115906775,-0.3308257094945022,0.706243895855923,0.7710505054314603,-0.6371980504395978,-0.04438084836442968,-0.5822428834391589,-0.8940126772453167,1,0,1,0,1
15,A016,Shaneva,Mendoza,29.0,F,32.1,1.43,France,Valentigney,control,master,0.11279902615814486,-0.6716618116966104,-0.6706158029758174,-0.2429083708152946,0.8839559252540852,-0.1885365882226897,-0.15977441877437104,0.6571826872413655,-0.848753229450252,-0.371889202583523,2,2,2,1,0
16,A017,Omnia,Jordan,38.0,F,26.5,1.59,France,Lyon,case,bachelor,-0.932682647056368,-0.03578308792211371,-0.20231407546261737,0.36035667009925776,-0.65035644817125,-0.05589737495499736,0.7809130863519593,0.6229351920527673,0.3454436007905164,0.025791278626490444,0,1,2,0,0
17,A018,Laquenda,Davis,31.0,F,21.2,1.82,Italy,Bresso,control,high school,0.919965864528008,0.03272632317340274,0.285579661609894,0.1040869830487281,-0.7777171746532754,0.7003762118495462,-0.47102041599791455,0.9054934491229438,-0.6953469156281886,0.3540358952246485,2,1,1,2,2
18,A019,Ammie,Nash,40.0,F,27.6,1.54,Mexico,Cárdenas,control,master,-0.32782682347317227,0.2601348953607263,-0.5332866071776099,-0.9877435625367295,0.5066472124853874,0.8467399515897147,0.9436915631024294,0.19511401565392705,0.38058145345796524,0.7489962946785853,1,1,2,2,1
19,A020,Sherretta,Solis,46.0,F,31.1,1.46,Germany,Erkner,case,master,0.48753283406854164,-0.6678567403059721,0.4838725653847964,-0.18789363121749125,0.4577526802475076,0.7360801382701683,0.0821610991315802,0.5963005585281571,-0.06656822589918288,0.8978775830492662,2,2,1,1,0
20,A021,Jimey,Villanueva,29.0,M,19.9,1.86,Netherlands,Ubach over Worms,case,bachelor,0.377886733675485,0.45741543425938747,-0.1700809352114625,-0.6154432589266441,0.3356753932180092,-0.0442312013584496,0.7502762914812846,0.6790826417629607,0.16479381689510642,-0.8530610959592322,0,1,0,2,0
21,A022,Ariarose,French,51.0,F,26.7,1.59,United Kingdom,Wigton,control,master,0.3030814030834692,0.280009352835624,0.43530274031632454,-0.23165921916645038,0.23769003382443143,-0.24907876707484133,0.6391846881957808,-0.3003736056612569,-0.10445447739860048,0.10462651009067359,2,0,1,1,0
22,A023,Hawkens,Farrell,49.0,M,24.1,1.64,China,Dangyang,control,primary,-0.3161024724284309,0.5393980519247354,0.14277709710395148,-0.4675013915834658,0.8928136992301543,-0.9841199979075461,0.2412307482918734,-0.4288294621307154,-0.9237394548440918,0.302523256611851,2,2,0,2,2
23,A024,Paizli,Ballard,45.0,F,31.6,1.43,United States,Mount Vernon,case,bachelor,0.6670275211701249,0.30443824610468684,0.7923248515416288,-0.3996333644548131,-0.8153285782166422,0.082229681730291,0.675058046734305,0.274923124824328,-0.7208344901880186,-0.35276556869117415,0,0,1,1,2
24,A025,Zamiere,Duran,49.0,M,21.0,1.81,Israel,Kefar Sava,case,bachelor,0.5696724839227119,0.9938206649663293,0.9869403241079664,0.8649221817638097,0.8951264726210837,-0.10723551615900484,-0.21274966559655417,-0.024437989918445924,-0.8879008643178998,-0.535804251266313,0,1,0,1,2
25,A026,Stavrakis,Bryant,33.0,M,17.9,1.94,France,Saint-Chamond,case,high school,0.7043689384284746,0.2368259267771715,0.29557585630564187,0.08239867707416448,0.15848209283452896,-0.4554049530711939,-0.01329994573513349,-0.978507164849493,-0.07435039860425396,0.06498209879035532,1,0,1,1,1
26,A027,Aus,Kim,39.0,F,21.6,1.75,Morocco,El Arba Des Bir Lenni,case,bachelor,0.6517527586235874,-0.8093452657517681,-0.229713399548239,-0.4567606636526671,-0.519730189587702,0.9398938381645887,-0.15213348116076153,-0.37518741805225586,-0.27243225141749217,0.25936362339520413,2,2,1,1,1
27,A028,Shawndrea,Golden,31.0,F,27.8,1.52,Venezuela,Acarigua,case,primary,0.11628066160175976,-0.6555626217614494,0.38080059180305725,0.6873975959167016,-0.6694905006973222,0.24488087358412747,0.9095331561426281,-0.6970612708699875,0.33319101639720805,-0.28335429763438924,2,1,2,2,1
28,A029,Braxtyn,Allison,37.0,F,29.2,1.46,Philippines,Guindulman,case,bachelor,0.7119165069379141,-0.5858371563468463,0.6281959758892071,0.8451348513211732,-0.2659205524529651,0.030640212595441696,-0.9097723445512234,-0.976217330535585,0.7847749778314379,-0.12612661817006043,0,1,0,0,2
29,A030,Pendle,Swanson,45.0,F,28.9,1.48,New Zealand,Dunedin,case,bachelor,0.8943236711490099,0.07046228625543272,0.10609680462842963,0.045271377640465627,-0.2602454786665107,0.06706393498814167,0.7087335476162748,0.7625208843772213,0.9268977232197255,0.21065329341989614,0,1,2,0,0
30,A031,Eryonna,Kaufman,33.0,F,29.1,1.52,Latvia,Sigulda,case,primary,0.49427482187242555,0.5663220361232013,-0.49957832570091076,0.7069678422359256,0.8916614284165065,0.08251501231473357,0.857157103946711,0.038397854565768164,-0.5197097959183636,-0.22818033355112943,1,2,2,1,1
31,A032,Oniel,Conway,36.0,M,20.2,1.85,Brazil,São João da Ponte,case,primary,-0.37793371181541824,-0.025111199455634337,0.7405123321848914,-0.4191736397971979,0.47865396170635943,0.9919728812273194,0.027319920110824514,0.9073755480935253,-0.6036218510448017,-0.16619637733823378,1,2,0,1,0
32,A033,Brytan,Melendez,33.0,M,26.0,1.56,Philippines,Mangaldan,case,high school,-0.2510769083661315,0.9237790485528243,0.8053692409819211,0.2061958365519727,-0.13796183470063994,0.2605325346244831,-0.04030380703788983,-0.17859351573028825,-0.5520045758827485,0.44611496425997643,1,0,2,0,2
33,A034,Demetrice,Mcbride,32.0,M,27.1,1.55,Kyrgyzstan,Shopokov,case,primary,0.19257476530350748,0.21737767220746895,-0.23096906061331346,-0.5300644181503222,-0.22486430525712087,0.941861389977354,-0.03281641674049163,-0.17613069766885214,0.12468271376126294,0.6877341807208452,1,1,2,2,0
34,A035,Alyisa,Reese,33.0,F,30.8,1.45,Ukraine,Zhovti Vody,case,bachelor,-0.565739491634627,-0.008737226903092532,-0.40519162564527567,0.4581959220671412,0.6125621955064828,-0.03781658348623562,-0.32034842596357493,0.033795135475024995,-0.85263330645337,-0.28710621661856806,0,0,0,2,2
35,A036,Audrie,Lucas,40.0,M,25.0,1.64,France,Loches,case,high school,0.4240847991525447,-0.6224954925842139,0.03179418336781126,-0.7821120269113422,-0.6714004248648997,-0.498585727503984,-0.04840910369423779,-0.053784851533711375,-0.6620734236562222,-0.9776224725876781,2,2,0,2,2
36,A037,Jarris,Gray,29.0,M,21.3,1.79,United States,Lewiston,control,bachelor,-0.3309136521974283,0.32180376514756626,-0.6875969478678827,0.3592320806924507,-0.7875455817723922,0.8226722088281984,0.5067249151552724,0.8575021696411655,0.956528290141877,0.29117466306079853,0,1,2,2,2
37,A038,Pieter,Bullock,42.0,M,20.7,1.82,Venezuela,Porlamar,control,phD,-0.3481716591429138,-0.6022776133638845,0.9457350056678631,-0.04488904849790898,0.14424651323534166,0.4097412936168956,0.4485589914266006,-0.9201772672231747,-0.545187758851766,-0.9385520584574956,0,1,2,1,1
38,A039,Dionusios,Russo,57.0,M,17.5,2.0,Vietnam,Pleiku,control,primary,-0.7859489341433763,0.6510567493717652,-0.9639864443479278,0.14614831105906978,0.9130407949686432,0.5894672706839905,-0.8465486948068168,0.9340321931349216,0.4255461391490756,0.305041793745356,1,2,2,1,0
39,A040,Shontella,Dalton,47.0,F,26.0,1.57,Germany,Herzogenrath,case,primary,-0.3359231899140742,0.9070497893422917,-0.6727068899763324,0.2643170192888378,0.6658615769682763,-0.2819020095502671,-0.24593814856526341,0.8205824985494472,-0.40021907183534666,0.6031113970888382,2,0,1,2,2
40,A041,Aftan,Horne,38.0,F,32.3,1.41,China,Beijing,control,master,0.5137769946724087,0.25731611796132414,-0.4407194765703142,0.7562454273359143,-0.514011911294169,-0.013445621498270777,-0.757792407339092,-0.6182483468693722,-0.2691784463643554,0.07104421639085956,1,1,2,0,0
41,A042,Keysan,English,31.0,M,20.3,1.84,United States,Rockwood,control,high school,-0.24094975053672285,-0.5764598547882624,0.7462390023970757,0.8046218173056099,0.6346393904654306,0.2918751482205988,-0.18871077533145075,-0.5098256183587928,0.3646303806053477,0.4138475243999762,1,1,2,2,0
42,A043,Shebella,Powell,33.0,F,27.0,1.55,France,Choisy-le-Roi,case,phD,-0.8626414869706007,-0.04136811039586252,0.13031304709949065,0.5627067103230365,0.8973996427801858,-0.5227439812871799,0.9169751949528873,-0.24980323440094376,-0.49242392891368847,-0.524621163941601,0,2,1,2,0
43,A044,Sakiah,Coleman,57.0,F,27.0,1.59,United States,Tequesta,case,high school,-0.09345372299412125,-0.768175202496167,-0.1359067913937273,-0.8880329511895411,0.12211295080110407,0.3351251017264667,-0.7660574957291524,-0.953008887396231,0.06117428192097152,-0.2457148148297068,2,1,2,0,2
44,A045,Mazani,Jenkins,41.0,F,27.9,1.52,Kazakhstan,Otar,control,phD,-0.4330714918570222,-0.21619884899977349,-0.21285474568303742,0.05768559127064199,-0.7735735917451405,-0.6881989814713225,-0.7026311617696481,-0.2680017494536222,-0.19260000627489737,-0.7805398312354144,2,0,2,0,2
45,A046,Tahjah,Cameron,34.0,F,28.6,1.51,Mexico,Chalchihuitán,control,high school,-0.37039479319828694,-0.36581015615046386,-0.9928314960602638,-0.19328261107684397,-0.15317030820233657,0.6641554568855457,-0.7974314322127554,-0.844691358640663,-0.5823128407171017,0.6784589087110868,0,1,2,2,0
46,A047,Kadri,Morrow,42.0,M,19.8,1.87,Philippines,Samboan,control,high school,0.10287799637839257,0.6974186549625179,0.7080744274463866,-0.7714071791513029,-0.25378303738582075,-0.4572541537702772,-0.02012096661255436,-0.3804663925936025,0.7887136337210667,0.05363419983361939,0,0,0,0,1
47,A048,Lismari,Ramirez,61.0,F,30.3,1.46,Cuba,Contramaestre,case,primary,0.9622774342636238,0.6104163958972959,0.6934444546913117,0.5861290354424542,0.8226603778253518,0.1609870446370485,0.38147792139731385,0.3382242500809738,0.8415809245014974,-0.23253113076779242,1,0,1,2,1
48,A049,Joylene,Frank,41.0,F,26.6,1.56,Indonesia,Bengkulu,control,high school,-0.612630769393314,-0.8457683441756729,0.5130466538276808,0.12813067089652286,0.9300510895433511,0.28230081496258896,-0.1230670155642628,0.14564055063132586,0.24569696468975533,-0.013233148442623133,2,0,1,0,0
49,A050,Millani,Lutz,46.0,F,25.6,1.61,Greece,Galátsi,control,primary,0.9970197952510687,0.8691197126398946,0.01804552170869833,0.4294365571834109,-0.4609686050730122,0.10314755797861808,0.2737973808282457,0.07947580686160549,0.14568391667646052,0.6435405768825255,1,0,1,1,0
50,A051,Jessilyn,Leach,43.0,F,28.4,1.54,United States,Des Plaines,case,primary,0.8177955382865132,0.1603094018656166,-0.0364610797298055,0.5025122176902126,-0.562246316288048,-0.33844343420851475,-0.36419396958644,0.2657765866923516,-0.9677230724411274,0.9952565114186818,2,0,1,2,1
51,A052,Karloz,King,36.0,M,24.0,1.65,United States,Mill Creek East,control,bachelor,0.10160335457324221,-0.655466907168941,-0.6697870540216857,-0.5429581550744429,-0.6870083513486667,0.7501181985747416,0.03675302723438123,-0.3552853493823127,-0.50414364337713,0.04211713774406989,2,0,0,1,0
52,A053,Tisa,Savage,29.0,F,25.1,1.66,Italy,Bra,control,primary,0.3063762667649059,0.782585001420985,0.5355094052757485,-0.2621446929815465,-0.29998679555326535,-0.14494235288084556,-0.9674064722747779,-0.5583627375856186,0.022924432806112005,0.5766206241473288,0,2,0,0,0
53,A054,Adana,Scott,37.0,F,23.5,1.69,France,Mayenne,control,high school,-0.6299540033406454,0.0916562577299973,0.5963900913623206,-0.3477981197126776,-0.6466629337927516,0.08791179460717702,0.43510035695671667,-0.4957039525041089,0.4107761253771407,-0.4095254868474558,0,2,2,0,0
54,A055,Kha-Han,Mason,38.0,F,24.8,1.68,Switzerland,Zermatt,control,master,-0.3765261646096598,0.3003255374215532,-0.16986880891141087,0.6471229383561121,-0.3206231233701584,-0.9493225732177635,0.162809691987007,0.3211045483866317,0.2829095399355994,-0.9907252807899958,2,2,2,0,1
55,A056,Pray,Strickland,46.0,M,22.1,1.73,Italy,Tarquinia,control,bachelor,0.1980155232065015,-0.13271485451159748,-0.9113474850206262,0.39057366496378365,0.05335322926259556,-0.2931629031308334,0.27689423142817216,0.6513934236944343,0.7925599672193182,0.29029055140236637,2,0,2,2,1
56,A057,Lerrato-Mae,Oconnell,48.0,F,26.8,1.55,Venezuela,Punto Fijo,case,bachelor,0.8775087018347107,0.6428236164927674,-0.6920410815576823,-0.7761989334054766,0.06248048013913099,0.5396744941731446,0.5407437676820803,-0.6727875842282267,0.6820487104516404,0.2558592635841448,2,1,0,2,1
57,A058,Balin,Barron,49.0,F,23.1,1.75,United States,Cooper City,case,primary,0.7080314001963939,0.7104500363124311,0.9226126878271381,-0.6916353660245611,-0.9060923641662322,0.040743548281257036,0.38936898491132776,-0.9475998865949162,-0.17233309352183213,-0.8723112277999683,2,0,2,0,2
58,A059,Abdirahin,Flynn,43.0,M,23.2,1.7,Australia,Biloela,control,high school,0.6564353639153577,0.04137312973605023,0.8686567514611612,-0.7527140759302955,0.3535762903709345,-0.49578392760853696,-0.09781999839845379,0.48156756083262353,-0.2396983418318952,0.3210861664323319,1,0,1,0,0
59,A060,Kharia,Vance,49.0,F,29.7,1.46,China,Suifenhe,case,high school,0.18327491892226688,-0.4201634935787384,0.22869939053252208,0.04886823196593748,-0.8536512261319429,0.7732746181561887,0.7213164941951389,0.6505059055058375,-0.6865554784279266,0.9683394551704299,2,2,2,0,2
60,A061,Scheherazade,Leonard,32.0,F,30.3,1.47,United States,Warrenton,case,phD,0.39260556436419347,0.12129462069455532,-0.6341604431407235,0.8761702060498038,0.443342019206298,-0.580731606501506,-0.7732945103483873,-0.28306211340083287,-0.45770374002771486,0.8163043362374729,2,1,1,1,0
61,A062,Tyquane,Carr,53.0,M,25.6,1.62,Germany,Sinzheim,control,primary,-0.0041073748176660985,0.9400174913239594,0.9623395117536302,-0.36029671830559584,-0.9301731485245683,-0.9931069685090312,-0.2277906492484758,-0.36573941848598923,-0.3203011410693506,-0.5340175961128943,2,0,1,2,2
62,A063,Brohan,Singh,45.0,M,19.3,1.89,Italy,Calimera,control,primary,-0.07297686277653725,0.4664445787866518,-0.27885032419680766,0.8064440672412516,0.201930919706254,-0.7799742474555151,-0.659359603680242,-0.8863808974127296,-0.6321453538481956,-0.1099010046402995,1,1,2,2,2
63,A064,Manjar,Bartlett,37.0,M,19.0,1.92,United States,Bennettsville,control,primary,-0.64105649678034,0.584598927921927,-0.7431419033927393,-0.16203523914961404,0.3444834101551395,0.5903542376819884,0.8451033010407534,0.2674033466646015,0.578058717459029,-0.38357578820243576,0,1,1,2,0
64,A065,Gurinder,Harding,45.0,F,27.0,1.54,Colombia,Chinú,case,bachelor,-0.8050188535426002,0.7601650236024362,0.8171441367773786,0.1827150171580023,0.7331560036464166,0.3137146346163866,0.7645266835130617,-0.5209771666750136,0.8586310899218272,0.14546171050621326,1,1,1,2,0
65,A066,Dang,Case,39.0,M,19.8,1.9,Netherlands,Waalre,case,high school,-0.7606245748484299,0.24245704866403206,-0.3167662736230339,0.7782663260811149,0.8510944646054004,0.855989727850305,-0.5642854658724112,0.3659399172559554,0.4456187393846702,-0.38892207407299484,2,1,0,0,0
66,A067,Munne,Logan,51.0,M,19.5,1.86,Thailand,Ban Phe,control,primary,-0.2064842511271694,-0.4754393186741799,-0.10111312415068507,0.08055445212990442,-0.8301598856269419,-0.8872480180219953,-0.02052793991631119,0.058249150231598934,-0.5397232819732909,-0.28688868108709586,0,2,0,2,2
67,A068,Danilah,Pugh,55.0,F,30.8,1.43,Slovakia,Trebišov,control,high school,0.3175999848557569,-0.924722113175177,0.2819771519234904,0.9459719166829763,-0.337541859953177,-0.23560637466627177,0.9663780410025964,-0.944088004520244,0.3401346989525229,0.2526223836266348,0,1,1,2,1
68,A069,Roselio,Cardenas,62.0,M,21.1,1.82,Iran,Tāzeh Shahr,control,primary,-0.9072531987455628,0.2554594275627198,0.3108574767843817,-0.48800305599775284,0.30769471527101344,-0.288844992745267,0.8900002282672883,-0.44854285844195485,0.8039858403794207,0.16678584520201012,2,2,1,2,2
69,A070,Dylyn,Jackson,26.0,F,21.8,1.76,Mexico,Tlacolula,case,bachelor,0.39327434777228176,0.9974672773078133,0.9389331889318149,-0.8406662607642701,-0.459718228493325,-0.9684469285429211,0.605501984169803,0.8646034643793945,0.07851984919858435,0.37021623739717113,2,0,0,1,0
70,A071,Blaike,Santana,26.0,F,28.0,1.51,Brazil,Nova Ipixuna,case,primary,-0.6227909530183551,0.8962074410574543,0.9785096470594454,-0.5178820734542096,0.8673569669331027,0.9836805491509719,-0.8442299741291122,0.045677673870244906,0.985162457778874,0.6268982315298026,1,1,2,2,1
71,A072,Ettalyn,Sharp,35.0,F,30.4,1.44,Brazil,Passa Quatro,case,primary,0.06653166784319597,-0.1274167932074397,-0.7781712818117048,0.8442181565070428,0.04092848152591144,-0.5989424903394933,-0.4658179773809372,-0.4900329471990379,0.8748807134834269,-0.5196322514467739,2,0,0,1,2
72,A073,Tiarra,Mendez,42.0,F,21.0,1.82,United States,Princeton,case,high school,-0.538231104574985,0.9229061811749304,-0.4351787334470498,-0.5482136050772202,0.7575810117642992,-0.19527826607592425,-0.5936127561387246,-0.18712198103204303,-0.7741259858313407,0.3399106660487534,2,1,2,2,1
73,A074,Yarran,Mayo,49.0,M,22.3,1.73,United States,Ashland,control,bachelor,0.4941574558054824,-0.751833712749657,-0.6370461943382046,0.9188105080773292,-0.4128660856935924,-0.2695091635805904,-0.7461130422322952,0.2575743071284611,-0.7641061008175629,-0.9502463994696815,2,0,0,2,1
74,A075,Ellinore,Maxwell,43.0,F,27.9,1.51,United Kingdom,Haverhill,control,high school,-0.13911826163391394,-0.817571843849884,0.2083272137233323,0.08085614726369794,0.442217215983286,0.9358163287481964,0.9189897394702411,-0.9607652470791095,0.1575362262881299,0.9395690867695181,0,2,2,1,1
75,A076,Trinh,Bailey,20.0,M,19.4,1.88,Germany,Löningen,control,bachelor,0.10018207696241999,-0.08938409841065842,-0.3441550269302971,0.35277483159056633,0.8169571675949192,-0.2857172396607819,0.9794444106537736,-0.41294488147295993,-0.5220150407459796,-0.18481060285329054,0,2,1,1,1
76,A077,Bella,Grant,37.0,F,24.9,1.66,Czechia,Milevsko,case,high school,-0.601748173384512,0.6960257471138294,-0.19879520642878434,0.14613349992279034,0.9457208666008861,-0.6368242429651285,0.4481273022916581,0.436189467286219,-0.12598218714334353,-0.6922332528986725,0,1,2,1,1
77,A078,Harrysen,Rush,48.0,M,28.2,1.52,United Kingdom,Neath,case,high school,-0.5452118308401124,-0.34667204336148316,0.931201242137174,0.9021677297178416,-0.9593069292688003,0.3821253414852661,0.1558112854132847,-0.2663829849772934,0.08061544878987026,0.9238091169831664,1,0,2,0,1
78,A079,Sabdiel,Benson,42.0,M,19.8,1.89,Iran,Khvāf,control,phD,0.2908150558167957,-0.2986478736619793,0.22621076218000202,0.6306219924496987,-0.8422026629854424,0.2569318943483645,0.29094545979794684,-0.5011869880930979,-0.7063778529648506,0.703268072610167,2,1,0,2,1
79,A080,Kodey,Pitts,48.0,F,29.7,1.5,Italy,Omegna,control,bachelor,0.3301507929437879,-0.8501683288975068,-0.32147519292534765,0.7058961576652305,-0.29639183073001485,-0.567738440376226,-0.2515809163814131,-0.5291793224040127,0.027677561589897204,0.1054938391682565,2,1,2,0,1
80,A081,Daneal,Fuller,38.0,F,32.2,1.43,Italy,Crocetta del Montello,control,primary,0.6722797221011005,-0.44202277430631187,-0.13813267767498538,0.9448147481881342,0.010252811431370246,0.4913278827970562,-0.8922676385823924,-0.7766859908813453,0.6144511386027589,0.582353325345478,1,0,2,2,1
81,A082,Delancey,Sloan,38.0,M,21.3,1.75,Brazil,Barro,control,bachelor,-0.11083785100076216,0.9134616784076566,0.8642283917447242,-0.12913534000839388,-0.81155895968158,0.8028900367615106,-0.3756337612141365,-0.5859198768562408,-0.4123697747251698,0.35666238586557353,2,2,2,1,2
82,A083,Sooraj,Calhoun,42.0,M,26.9,1.54,United States,Ocean Pines,control,high school,0.5167745730752356,-0.22137684202602625,-0.5817358597787992,-0.14111940016251845,-0.2730614606300039,0.8643229128303613,-0.3470724344015623,-0.5145772944759719,0.28260498855890703,-0.37955149500190855,0,2,2,0,0
83,A084,Chelcey,Gillespie,44.0,F,28.5,1.51,Australia,Halls Creek,case,master,-0.4645261459408563,0.3579276078396576,0.44796909680761177,-0.9949135259522146,-0.18465278096310866,-0.45246435880333236,-0.035020039937845526,-0.9201248987442141,-0.046393070319592056,0.4707799744967822,2,0,1,2,2
84,A085,Wanda,Duke,42.0,F,22.4,1.77,Italy,Sesto San Giovanni,control,primary,0.17027976168061598,-0.893505539108417,-0.821218275819857,0.4145814957427336,0.6770989793387949,-0.895555837125781,-0.16297915632995608,-0.7178554012777953,-0.05578543360381305,-0.33540074905514516,2,0,2,0,0
85,A086,Laytin,Cuevas,41.0,M,18.0,1.98,Slovakia,Petržalka,control,primary,0.637537501122136,0.6121045165452692,0.1583231036070447,0.4843739912473921,0.7854028421887651,0.6727385776089458,0.052978892703555935,0.037296563573521846,0.430034075204474,-0.1330448121317407,0,2,2,2,1
86,A087,Posie,Patton,33.0,M,23.5,1.69,Spain,Otero de Rey,control,primary,0.05596113100637612,-0.08723395131034928,0.7174619307042283,0.6835556292171829,-0.16333464492998506,-0.16494341561393333,-0.995063008984749,-0.9594645508000024,-0.6510344795206557,0.5755955853202672,2,0,2,1,0
87,A088,Meharban,Sampson,44.0,M,23.0,1.73,Sudan,El Obeid,case,high school,-0.899145472905218,0.887926872478443,0.06728294281349712,-0.7328924399166847,-0.8659032448816897,-0.184021630946543,0.9253685486915897,-0.44352559999266705,0.3999288758476309,0.26492314848417253,0,0,2,2,1
88,A089,Raezzielle,Randall,41.0,F,22.1,1.77,Colombia,Labranzagrande,case,primary,0.7841230604823728,-0.8594524110558006,0.11769895073712489,0.35043838671794525,0.9421955748378419,0.37502122800774096,-0.8926503115631763,0.9946929868173626,0.7760844122687283,-0.2654951436905775,0,1,0,0,1
89,A090,Adasha,Meyers,51.0,F,25.8,1.62,Germany,Wiesbaden,control,high school,-0.15117268434430486,-0.61257306389079,-0.5633289566166866,0.07611838640837698,0.12993232864348703,0.14687074337188077,0.0872695051864163,0.3357723154653762,-0.23677968170320396,0.9538690877565177,2,0,2,2,0
90,A091,Kywon,Humphrey,52.0,M,20.8,1.84,Italy,Mogliano Veneto,control,bachelor,-0.5004945505402381,0.6223910765061897,-0.3389903874505751,-0.570803398086932,0.9424283184716074,-0.4955407787733539,0.9508250002020417,-0.041062718278887855,-0.9467142759554517,-0.15338502749301308,1,0,1,2,1
91,A092,Sheryll,Peters,42.0,F,25.0,1.62,United Kingdom,Gildersome,case,bachelor,0.48295406616976666,-0.6482767120640647,-0.31608174147519197,0.6875792350953751,0.33129511272315115,0.0354300452222418,0.2142073743028925,0.5517000111255319,0.9130628851508942,0.8121798425678495,2,0,2,0,1
92,A093,Febbie,Hess,36.0,F,32.0,1.43,Argentina,Goya,control,bachelor,-0.6754598113281396,0.9482550642899858,0.7018882587086903,0.33358065643621093,0.38726139542622473,0.9932182992472074,-0.6287870066240713,-0.8794392353709737,0.27502643618458134,0.8943283502014814,1,0,2,1,1
93,A094,Rhianyn,Benitez,34.0,F,24.4,1.63,Russia,Peschanokopskoye,control,primary,0.7659596790482808,-0.4918017645322923,0.9052973676266631,-0.9622375566052954,0.6273892189765349,-0.6380722586566905,-0.7983704085066219,-0.6349603578704328,0.209411638179551,0.7150525839993525,1,2,0,2,1
94,A095,Kiyanah,Goodwin,44.0,F,33.7,1.4,United States,Somerset,control,bachelor,-0.6544480580192755,0.661243109641652,-0.3327315718198973,0.21648696490699781,0.7217175669618652,-0.54091874588163,0.629322760665235,0.42550111671628166,-0.25456375024650435,0.8415601007255007,2,0,0,2,1
95,A096,Damen,Mcclure,41.0,M,26.6,1.57,Iran,Shūshtar,control,high school,0.47208378385794725,-0.35148027760926404,-0.9020364198561117,0.047250891536368744,0.694682766174664,0.7862529082219496,0.1388483438037691,0.3144527991621795,0.3097152565853105,-0.6551082415370495,2,1,2,2,2
96,A097,Libi,Flowers,37.0,F,30.4,1.47,United States,Malden,control,bachelor,0.8039698373893063,0.7494855973724532,0.4668120984168189,0.4442217960593493,-0.4459159485852491,-0.18467836936573767,-0.5983026755477974,0.5690884779475924,0.8267320695680329,0.5899313090003364,1,0,1,2,1
97,A098,Jibril,Jefferson,40.0,M,26.3,1.58,United Kingdom,Poynton,control,high school,-0.6358011869851707,-0.6263638231403554,0.257090598740106,-0.9727384538972565,-0.8134918443477359,0.24077613548939203,-0.14436932983243222,-0.6347488818350153,0.2734877417261652,-0.4209592165654754,0,2,2,0,0
98,A099,Sarabel,Welch,34.0,F,28.9,1.53,Moldova,Ialoveni,control,primary,0.7254824713731309,0.21325999180228639,-0.07734550391764894,0.1468309105341925,0.6160813424894203,0.914538160071473,-0.480736284561029,-0.19731006799041562,0.770280971016051,-0.46266428521935077,2,1,0,2,0
99,A100,Shubadra,Hicks,47.0,F,28.1,1.53,Spain,Marquina-Jemein,case,primary,0.3455261301254129,-0.2448121180928875,-0.7354197871789696,-0.8445433777729294,0.4076049769376566,0.004410906706180606,0.6753023603561366,0.30584593417334327,-0.913672185109426,-0.6856644177061588,0,2,2,0,1
100,A101,Margel,Terry,36.0,F,23.5,1.7,Philippines,Dulag,case,primary,0.8471225699293774,0.2705307392243954,0.1625752473212032,-0.5811864555687647,-0.9466061031619428,0.8736966870739826,-0.08206407329578647,0.8172843111976216,-0.993244707359533,0.1751830433636068,1,0,2,2,1
101,A102,Messai,Thomas,52.0,M,23.2,1.72,Romania,Rucăr,control,primary,0.4831079138446739,-0.17782119905020033,-0.0390106683639273,0.45849269341216337,-0.7831259215476967,0.4607688092946296,-0.08076929094973018,0.7583087406010047,0.3484249093791636,-0.8848132096891939,2,2,0,1,1
102,A103,Khiem,Dudley,44.0,M,18.2,1.96,Spain,Pinoso,control,high school,-0.6877509040341763,0.2425330908313006,0.14548638083783283,-0.6383776008575168,-0.7696937697459749,0.7290602160611015,-0.43803177569145646,0.9176390612776992,0.6203380829487692,-0.9278001621448957,1,2,1,1,0
103,A104,Jewelisa,Hunt,46.0,F,30.3,1.48,France,Brétigny-sur-Orge,case,primary,-0.19902766908349956,-0.9937775312872965,-0.6406013897676348,-0.07576743284983722,-0.7445618484270404,-0.9594237779569339,-0.9096659493319939,0.8033996930762175,0.5603439876805909,0.9583523254039001,1,2,2,0,2
104,A105,Landen,Juarez,29.0,M,18.9,1.93,Italy,Legnago,control,primary,0.4835087606372226,-0.16884444282814748,0.47867493681463924,-0.24357427099277507,0.00751472646915996,-0.911203236312603,-0.381428675921172,0.9562866279722868,-0.5716384140807551,-0.9688814340301739,2,2,0,2,0
105,A106,Thi,Raymond,42.0,M,19.4,1.87,Philippines,Ormoc,case,bachelor,0.2000564120238193,-0.49657162443883807,0.48023082467050515,-0.5100002182685615,-0.14799187946118186,-0.08204138478521372,0.685242233625776,0.8131795780129847,0.27399001250303634,-0.7203280970581389,0,2,2,1,0
106,A107,Sonic,Bowman,47.0,M,20.3,1.84,United States,Neshannock,case,high school,0.09745009832064877,0.5925167321785685,-0.798046085440858,-0.9120195484827671,-0.6668501001921663,0.053165694236504635,-0.0831240510319129,-0.8192846094571717,-0.6001100533949222,0.6424072632189053,2,1,2,1,2
107,A108,Shanovia,Colon,30.0,F,32.2,1.41,Italy,Altavilla Milicia,case,bachelor,-0.5437338918204344,0.18644978726599448,-0.826746084527781,0.8548167846907193,0.4029292521369503,-0.17496551304599572,0.6632320444007225,0.0238845579513407,0.9301272570471009,0.26193295636027725,0,1,0,0,2
108,A109,Trelyn,Lynch,37.0,M,21.8,1.76,Russia,Makushino,control,high school,-0.7323667074599609,-0.21713159551654582,0.8922092591338062,0.9976128362628958,-0.6991186506727516,-0.41908494281560604,-0.8095850446310626,0.2931889198812423,0.093050449477315,0.7778470598659506,2,2,1,1,0
109,A110,Ivoryanna,Lucero,40.0,F,30.3,1.46,United States,Kettering,control,high school,0.39800741751091473,0.5592753960302488,-0.06475081076249523,-0.29754123679919875,-0.39805361412207363,0.0840274592441399,0.4591987946694194,-0.007950169923578887,-0.9800123816270632,0.1832090352198723,0,2,0,1,2
110,A111,Sarahlynn,Conner,26.0,F,24.6,1.61,United States,San Juan,control,high school,0.6340058423206596,0.5016419938426326,-0.6173022057594462,-0.2910209535333306,0.005372087405086212,0.10068358578714709,0.21484162182702438,-0.1339600280775588,0.7539552711286635,-0.2604014483428856,2,0,2,1,0
111,A112,Harvin,Conrad,43.0,M,19.7,1.87,Mexico,Mazatlán Villa de Flores,case,high school,0.7430800926565908,-0.4878153775811169,0.9963655427626927,-0.6887436223438359,0.07327465937643729,0.12861398225671006,-0.5712823935347116,-0.6026400872451168,0.1395695759451252,-0.4187571993832646,0,0,0,1,1
112,A113,Promyse,Galloway,48.0,F,23.3,1.72,United States,Warr Acres,case,bachelor,0.9027777338141818,0.8530468600427852,-0.5954750333634213,-0.08375777409150653,0.1940618589679448,0.2660020012817279,-0.281337795467244,0.6661375324765555,-0.051670528314408326,-0.11743170198073738,2,2,0,2,1
113,A114,Lavend,Cook,31.0,F,23.7,1.7,United States,Kinston,case,high school,-0.7632570485503689,0.19156166585855594,0.09742927832087545,-0.7755486389531008,-0.2985152127232438,0.7953551866824049,0.15310866268710788,0.5841672801241937,-0.20306472523894903,0.984231905516294,0,2,1,2,0
114,A115,Galan,Haley,44.0,M,19.0,1.92,Spain,Abegondo,case,master,-0.8804656971407221,-0.7372739001347561,-0.9821365268462952,0.9281364275367718,0.9045629130795649,0.37437686843062457,0.170808656934321,0.3509422062329619,-0.06172339825315243,0.3550766129717371,1,2,0,1,2
115,A116,Jerlin,Medina,27.0,F,31.6,1.41,United States,Stickney,control,primary,0.47661260627314683,-0.4923884091558677,0.9610884318983342,-0.15847636736900483,0.3272367135546239,-0.3922023270121653,-0.44342986640194204,0.03694759722381935,0.3867405071267931,-0.12314829053386456,0,2,0,0,2
116,A117,Casey-Ann,Winters,40.0,F,29.0,1.47,Brazil,Santaluz,control,bachelor,-0.5625362050839551,-0.01818315758119793,0.9771852524192117,0.804668795276885,0.7433587947217919,0.7568797474688329,-0.0035624203674167187,-0.9124322957887363,-0.7294762512730928,0.057740952907518794,0,1,1,1,0
117,A118,Bawan,Schroeder,24.0,M,21.2,1.83,China,Dongsheng,control,primary,0.8084612001302083,-0.4036936260403776,-0.3174802440533151,-0.21776613870153216,0.2050282633066609,-0.5144334387791649,0.35871732241310195,-0.8390398018519456,-0.6981017032592391,0.8472896705960076,0,2,2,0,0
118,A119,Nautia,Ellis,51.0,F,28.7,1.5,Brazil,Luzerna,control,high school,-0.3099811154382557,0.5518543450837026,-0.5366724603308304,0.9120135978367567,-0.817021868718264,-0.8449546204793517,0.5920917915105703,-0.04508064684325985,-0.9563209373161936,-0.39893198983724454,1,0,2,0,0
119,A120,Lavernon,Mahoney,44.0,M,19.5,1.89,Central African Republic,Mobaye,control,primary,-0.47793943756891966,0.6426015211038623,0.40395995261939177,-0.16702409403802276,0.7136043897658353,-0.11263375733360959,-0.8890182138420069,0.7194028838106981,-0.9617146678394153,-0.2062730471510934,0,2,2,0,0
120,A121,Taneesha,Stephens,40.0,F,31.5,1.42,Italy,Lodi,case,high school,0.43418007690252014,-0.17294145026103513,0.7962221529982985,0.49946275969684684,0.12864788761950008,0.5873789209914497,-0.6469536753688909,-0.813709830939886,0.8147130849245441,0.30116332622182496,0,2,1,1,0
121,A122,Maryjayne,Gregory,32.0,F,30.4,1.45,United States,Aztec,control,primary,0.9050679949996334,-0.21002735849627174,-0.7632629295525513,0.3828113886521558,-0.8798738322486082,-0.2652394931724491,-0.11803041898979538,0.05018930588782822,0.45156523018994466,0.026983027924870173,1,0,0,2,0
122,A123,Emre,Brown,53.0,M,20.7,1.86,Brazil,Lindóia,control,phD,0.5265055197830002,0.4389117898077526,0.1980886781263831,0.886196471553131,-0.8269127615446705,-0.5004440786851312,-0.38959680216070147,0.8848819355493627,0.23775990070265274,0.19020013276737502,2,0,0,0,1
123,A124,Jack-Nicholas,Hoffman,60.0,M,21.3,1.75,France,Corte,case,master,-0.6287208821206802,-0.9374864844757989,-0.5408247222447351,0.36598327755742943,-0.019143728618573164,0.08873952165379362,0.363094088286551,0.9889565128417894,-0.31441270318017644,-0.5225584732282096,0,0,0,2,2
124,A125,Caron,Wang,21.0,M,21.0,1.84,United States,Grambling,case,bachelor,-0.04180018314287115,0.9375374001060428,0.8410246846301466,-0.6783373558662407,0.6928968539957236,-0.13388242479156132,-0.10851046996054703,0.21814227281459253,-0.5095513715142461,0.08484923224094798,1,2,0,2,1
125,A126,Flip,Zamora,52.0,M,19.3,1.91,United States,Hamilton,case,master,0.7524654328147129,0.018461490630300004,0.12882698851756214,0.5693598417970849,0.2857887283455236,0.35047996615135446,-0.8613416561018776,0.7837338539567933,-0.2768087120339944,0.5023573117669735,2,0,0,1,2
126,A127,Annaclara,Mcconnell,56.0,F,26.2,1.6,Germany,Ravensburg,control,primary,-0.14703773660742203,-0.7585514884055571,0.5980615188086733,-0.8251183124807193,0.933044660314567,0.650589243067283,0.9492189627123895,0.5125379440274245,0.04030778818622682,0.3590821635907375,1,0,0,1,1
127,A128,Demetriss,Sexton,43.0,F,25.6,1.62,India,Dharmsāla,case,primary,0.6801466820224462,-0.004061479806442669,-0.20570692540368607,0.2230334021368392,-0.7100665417119694,-0.06284807681285631,-0.8659452098277116,-0.2817629976471858,-0.5199094195310259,-0.6366624295822403,0,0,2,0,1
128,A129,Taffy,Grimes,28.0,F,32.0,1.44,United Kingdom,Headley,case,primary,0.76532437464399,-0.3735709805117877,-0.5475590567861113,0.877058252011846,-0.7748385466476453,0.7116381367619944,0.8574157875642265,0.11214947167519673,-0.5952743480109095,-0.6804963974753326,1,0,2,0,0
129,A130,Jhalen,Shannon,49.0,M,22.9,1.72,"Korea, South",Boryeong,control,high school,-0.23184637134880792,0.9508014090053136,0.005978819985345218,0.18290015634234535,0.017805113507050274,-0.45427797765138944,0.31067756084968634,0.031847420750847455,0.24120875769833394,-0.5348290838691185,2,2,0,2,0
130,A131,Tykwan,Greer,38.0,M,24.4,1.64,Thailand,San Kamphaeng,case,master,0.18343884651630438,-0.30971527282446987,-0.7425061128736965,-0.3956531682686897,0.49431128046880435,-0.7694591385867136,-0.7203699865126747,-0.3323079692948152,-0.5736521449630425,0.5984990073045708,0,0,0,2,2
131,A132,Tracy-Ann,Howell,34.0,F,24.2,1.66,Uganda,Bushenyi,case,phD,-0.23011873672930383,0.536915620031376,0.23700906389000886,-0.01631383870017933,-0.8372573479517285,0.9634686865327335,-0.513373108352646,0.9620316088872309,-0.9514153759289805,-0.6035714983630454,0,1,1,1,2
132,A133,Nahyan,Beard,28.0,M,23.5,1.69,Brazil,Campos Lindos,case,bachelor,0.9318010073428196,0.3990133143261245,-0.5208280183336065,-0.43169638885962547,0.4904761788956544,-0.47896256400684045,0.26189121415086714,-0.5317889968490439,0.9577107146852422,-0.7656097706478464,2,1,1,0,2
133,A134,Ellalynn,Williams,46.0,F,30.4,1.46,United States,Monroeville,control,bachelor,-0.005235691282007293,0.8239354488123578,-0.482495117408555,0.39596241361984896,0.36534542851816876,0.8750964372679995,-0.21174190878841603,-0.4548536052602288,-0.4952622101396691,-0.33019991417246586,1,1,1,1,1
134,A135,Ambrianna,Kidd,48.0,F,27.7,1.52,Germany,Rehfelde,case,master,0.6049330335051843,0.2568827595751899,-0.20285315906541856,-0.5978201195094184,0.3049440545838886,-0.8856631786674256,0.09426173977841468,-0.3400412985919139,0.2015606292988854,0.2566782620299217,2,2,1,1,2
135,A136,Danyell,Huber,34.0,M,20.5,1.81,United States,Lebanon,case,high school,0.7905658364243144,0.796259185896663,0.26462918725399964,0.2866909491627838,0.7520023847301442,0.615194298479167,0.13524266263209328,0.5437835916555236,-0.08331919731683501,-0.4155591708327415,0,0,1,0,2
136,A137,Delema,Mcintosh,45.0,F,28.7,1.51,Italy,Morciano di Romagna,control,primary,0.43031741354373176,-0.21519481323832723,-0.7314054485071098,0.5186641100675289,0.3921619841515749,-0.10827204124819123,-0.8860107453509403,0.8432828679315585,0.3449968647890671,-0.5735058630246876,1,1,0,0,0
137,A138,Laikynn,Moses,29.0,M,26.8,1.58,Brazil,Campo Bom,case,primary,-0.008270720718647429,-0.993094567279639,0.7437354168714281,0.39412526492375943,-0.8524148726340204,0.38309166182451637,0.9650674639692425,-0.7165129351243744,-0.8113533222994853,0.8667902463403436,2,0,0,2,2
138,A139,Kilee,Klein,48.0,F,31.0,1.44,Brazil,Formoso do Araguaia,case,primary,0.37626715393438515,0.6882945751112972,0.7204170634366227,0.8201104361743004,0.9604000164413318,0.5161849905058928,0.14810624641724357,0.12646261100395018,-0.2608479397494723,-0.2807685197203773,0,2,2,0,2
139,A140,Brianon,Glass,40.0,F,28.6,1.52,Italy,Ravanusa,case,bachelor,0.8446172912566343,0.03552459379700279,0.04192509521562293,-0.017767210543167433,-0.054872838082466346,0.8744290323743207,-0.3559126721667778,0.9138324265961537,-0.7967060169956346,0.8148905582976942,2,1,2,2,2
140,A141,Aureo,Richardson,38.0,M,20.6,1.79,Argentina,El Talar de Pacheco,case,primary,-0.7717751669022004,-0.9676283447488012,0.1132249470867488,0.5906440661518615,-0.41194303107985775,-0.7163131092297539,-0.3098747109625897,0.9608094800596749,0.26265676156765494,-0.48620750220544484,1,1,1,1,0
141,A142,Yeshas,Chavez,39.0,M,19.1,1.92,United States,Carbondale,case,primary,0.6642553237714925,0.8439002966405231,-0.27309551807697674,-0.2970696995942972,0.3261342627871211,0.583260619572791,-0.40008769766438523,-0.5223668191799129,0.5406138833904321,-0.734776105707035,1,1,0,0,2
142,A143,Oluwatofunmi,Jarvis,49.0,M,22.4,1.75,Brazil,Janduís,case,bachelor,-0.5629086598728326,-0.06692535920460019,-0.016249743259076688,0.5631215492400699,-0.10115277007409973,-0.6549542619052546,-0.03741779927702549,-0.6966480891466764,-0.6953973210428672,-0.19716914305453392,1,1,0,0,1
143,A144,Rourke,Short,48.0,M,26.0,1.6,Brazil,Caririaçu,case,primary,-0.6056092294323059,0.10742974970844643,-0.5707934663679208,-0.20033109444111274,-0.24292588159008432,-0.6544680600913801,-0.11927048851043165,0.18988003690737787,-0.2873807017142951,0.37027129284113136,2,2,2,0,2
144,A145,Ateek,Ramos,45.0,M,26.2,1.58,El Salvador,El Paisnal,case,phD,0.7951695380317578,0.12407519058944083,0.1969945219410547,0.40244217253991743,0.8564505332975947,-0.9420191498798609,0.07223543329207405,-0.9878336764500031,-0.5868165522988724,0.48046605007345833,2,0,0,0,0
145,A146,Barsha,Stokes,41.0,F,29.1,1.52,Colombia,Ovejas,control,primary,0.8795128006965998,-0.871104594701763,-0.22525767238486605,0.5465651724851739,0.9924378643532661,-0.11980288335776135,0.4841035701628895,-0.2504316234809756,-0.34099508783906574,-0.6700883845052532,1,0,1,2,0
146,A147,Reheth,Patrick,41.0,M,17.8,2.0,United States,Marion,control,high school,-0.36403022219550873,-0.35023350452248936,-0.2584500370529883,0.8485562601263081,0.8141100138857795,-0.089408579080827,-0.46808371871401966,0.4532822911701262,-0.6284786914823739,0.044233524274620795,2,2,0,2,1
147,A148,Oriel,Villegas,46.0,F,29.7,1.48,Brazil,Capinópolis,case,primary,-0.3936772293014654,-0.9904275295291827,0.3900296762852835,-0.5350512496772968,-0.6441834012825678,-0.40024598055317795,0.6876109909902723,-0.0905842618907966,-0.18334040687004394,-0.7494887524105482,1,2,2,2,1
148,A149,Ny,Collier,42.0,F,25.1,1.66,France,Vendenheim,control,master,-0.5096594834390595,-0.2855816217043967,0.76233131099892,0.9914283272187485,-0.8828663902251581,-0.7388396811792868,0.899514933139465,-0.11998228666149457,0.6370067527055714,0.9057987306051187,1,2,2,2,0
149,A150,Bron,Rivas,47.0,M,22.4,1.76,United States,Lincolnshire,control,high school,0.47349989539228887,0.2044512645685479,0.6428458769508589,-0.9305617412903637,0.6909754230789242,0.25706430246266265,-0.43415266219112625,-0.5248112914776375,0.6509011868543053,-0.9149484932256517,2,1,1,1,1
150,A151,Early,Dawson,37.0,M,26.0,1.54,Mexico,Ciudad Guzmán,case,high school,0.9671674025910582,-0.24782744121458333,0.8116214333646261,0.20442310423103605,0.8244125031493874,-0.6711288116577827,0.3348201333726557,0.15259053833420122,-0.6500183130486743,-0.90612964793393,0,0,0,2,2
151,A152,Amaal,Esparza,16.0,F,30.0,1.45,Bulgaria,Varna,case,high school,-0.04249423420391474,0.6707853121153031,-0.7835350665774852,-0.6267567287388425,0.9710764019198641,0.16591980004404916,-0.9001567660836838,0.9051680480176545,-0.8957715152160068,0.4804621732447263,0,1,2,0,2
152,A153,Theophus,Rodriguez,50.0,M,19.6,1.88,Germany,Oberthal,case,master,0.9944822446940722,-0.3167646062556251,0.9271951181015967,-0.3568934961209438,0.6915891973560861,-0.3782371650129037,0.020597323227548037,-0.28424522639730565,0.8979215521445914,-0.7676395314060256,1,0,2,0,0
153,A154,Kanyae,Kirk,62.0,M,17.7,1.99,Cabo Verde,Praia,control,primary,-0.7064926693435907,0.3467052480001067,-0.45191553202740264,0.4525086398594429,-0.7775579335554075,0.7909171219366959,0.4384611063561268,-0.8855966487400619,-0.8124392984461437,-0.7962068868369434,0,1,2,2,0
154,A155,Rourke,Nguyen,44.0,F,28.5,1.5,United States,Chesapeake Beach,case,bachelor,0.07150525018686804,0.5788018416452241,-0.6165247362898176,-0.3364809653037917,0.6083025737874517,0.48451906752166196,-0.19626562173968654,0.5299110458122291,0.6751773289974712,-0.3314384705622544,0,0,2,0,1
155,A156,Talaiya,Kirby,39.0,F,31.8,1.44,Mexico,Escárcega,control,master,-0.8029681365243,-0.6290424274357596,-0.46674778127402483,-0.35969826184456566,-0.7022630922095043,-0.912643360467285,0.6364619678102108,0.5208060676698605,0.30271941881093545,-0.8410745132449711,2,0,0,0,2
156,A157,Kellynn,Lam,39.0,F,25.8,1.61,Latvia,Saldus,control,primary,-0.4739231617924291,0.52686775889217,0.6474611546642162,-0.5114854702162843,-0.9191370112459509,0.7335927690097588,-0.5261263058797239,-0.23927142551611658,0.18161196426499648,-0.8862058041555496,1,1,1,0,0
157,A158,Bernice,Mcdowell,39.0,F,25.2,1.64,United States,Miami,control,high school,0.193991232659813,0.5323992984317314,-0.895924518889359,0.19553478803408542,0.49828376605820335,-0.958997607297045,-0.1548040214015758,-0.48851052766199765,-0.3111484203931598,-0.1483126101732568,0,0,1,2,1
158,A159,Maksud,Myers,40.0,M,24.6,1.65,Slovakia,Hriňová,case,primary,0.17287895889760363,0.8137809850787416,0.40618582021607286,0.6334376161720785,0.7536977114401298,0.40451600312499836,0.31691301120038284,-0.29058686600495576,-0.3976768733041782,-0.6609609568733106,1,2,2,2,2
159,A160,Tiffany,Burke,29.0,F,27.0,1.57,Germany,Bordesholm,control,master,0.7135846345329115,0.5509491857507163,-0.8524233257651732,-0.03477667932820849,0.8168692685081171,0.44213144886632283,-0.633770347355439,-0.2531387259099662,0.5537643531979322,-0.760480716659079,1,0,2,1,2
160,A161,Vangie,Black,35.0,F,29.9,1.46,Syria,Al Mayādīn,control,high school,-0.6437247268413031,-0.4013461503635911,0.4281757426995634,0.43448441834422646,0.7744190418209496,-0.8059089821759604,0.07285146559504274,-0.7763728543080473,0.45319905881035005,0.3930485066206124,1,1,0,1,1
161,A162,Doneka,Andrews,30.0,F,24.9,1.66,China,Neijiang,control,bachelor,-0.4932335392898741,0.046908798879189195,0.6550784070677549,0.4851058619566877,-0.19650310451064135,0.7918031242524612,-0.4678009608603917,-0.13763243003561887,-0.34528204344980074,0.3324587175620555,2,2,0,0,0
162,A163,Jaso,Owens,42.0,M,20.1,1.81,Iran,Sardasht,case,high school,0.9984222925034032,0.8067440155835852,-0.5423594957041085,0.8620522660380223,0.9193371235316512,0.1539824643097969,0.5423015046220361,0.9125425581385971,-0.5735513875569849,-0.3874163204603669,1,0,1,2,2
163,A164,Ramzie,Stafford,37.0,F,31.7,1.46,France,Bouc-Bel-Air,control,high school,0.5812335931625563,0.4360606755954526,-0.901611079670444,-0.13547315588861109,0.7384588272106205,0.6595187831719416,0.8576172864279887,0.6680952915970082,0.777357699057754,0.7068424925474426,0,0,1,0,2
164,A165,Kristilee,Sanford,45.0,F,29.1,1.48,Italy,Codognè,case,primary,-0.6240438295281192,0.061302356394630886,-0.1685258988498195,0.2660416454600336,-0.1066252760370261,-0.2936044890146994,-0.05983215801773434,0.646112641939806,0.12528835983550546,0.8156770874503758,1,0,0,1,1
165,A166,Falak,Kramer,38.0,F,27.6,1.55,Brazil,Afogados da Ingazeira,control,primary,-0.6657898983549819,0.5316347617154853,-0.4741041257669112,-0.22605340750619152,-0.6435525823681232,0.7358544721580811,0.689743984598141,-0.7089713839225074,-0.13822591287683772,0.6955132956286914,1,0,2,0,1
166,A167,Lallah,Williamson,50.0,F,28.1,1.52,Italy,Paliano,case,high school,-0.6959707206811163,-0.03163779210625606,-0.07156651478289588,-0.09565602425024666,0.810903101799934,0.6863922694962779,-0.6634182517530476,0.039529643874945064,0.36169594027249174,0.84761895574443,1,2,2,1,2
167,A168,Belenda,Phelps,42.0,F,26.4,1.6,Poland,Grodzisk Mazowiecki,control,primary,0.7905306981435674,-0.1880278888492446,-0.41419671751566756,0.11574086972152475,-0.332019335242683,0.5116522964845776,0.30148193502929854,-0.6157944885069857,-0.3858788565220268,0.052832722911597685,2,0,1,0,1
168,A169,Stefeni,Michael,62.0,F,29.0,1.5,United States,Carlsbad,case,high school,0.6177531985546396,-0.8708265584571213,-0.8873416061967574,-0.8945480052519628,-0.3107254755698612,-0.5497076625933603,-0.5459090924856129,-0.12310012333676079,0.4057148280382945,-0.11108834669765755,1,2,1,0,2
169,A170,Sahori,Hart,21.0,F,31.0,1.43,Germany,Plochingen,case,master,-0.849525854593572,-0.7977443450866024,-0.2293382122112202,-0.030656901240916135,0.18415230164266827,0.4435235814566054,-0.7625911468574118,-0.7209350646465347,-0.15734716478716315,0.5010916801333152,2,0,0,0,0
170,A171,Teran,Duncan,34.0,F,31.4,1.42,United States,Wheatfield,control,high school,-0.016546694674463236,0.7047759426222899,-0.9519300121725618,-0.8192608115634215,-0.718059063187543,0.9336963473173681,0.12193313189130994,-0.29731028299457796,0.5615595300306617,-0.018514010728491348,1,1,0,0,2
171,A172,Aketzaly,Cruz,49.0,F,27.4,1.55,United States,Hopedale,control,primary,0.4548973582949605,0.04619784001679039,0.48381146324508184,0.028249577080426747,-0.12090337292737252,-0.342161680482967,-0.8263674970879589,0.9142945082271716,-0.5621549044064797,-0.46324342880266167,1,1,1,0,0
172,A173,Joyann,Norton,65.0,F,25.2,1.65,Russia,Nizhniye Sergi,case,high school,0.999844834249255,0.343324602594383,0.7630823639671416,-0.7808855572981372,-0.9635355192149657,-0.4783242065657771,0.5565622149038152,-0.43330084210884623,0.037379620624835574,0.817102496618779,2,2,2,1,2
173,A174,Bidushi,Townsend,38.0,F,22.9,1.72,United Kingdom,Warsash,control,master,0.5381411181565663,0.7852832207883016,-0.6582746311504752,0.21730666487414085,-0.3260439240033888,-0.3531951516106855,-0.9977597680550354,-0.8673216494001372,-0.2613837998705948,0.4139774670282286,2,1,1,1,1
174,A175,Alice,Bridges,40.0,M,20.1,1.89,China,Wuhu,case,master,-0.645993110047965,0.7751604133070684,0.7025324504803208,0.0011839728344522626,0.5972574649641615,-0.24824919133697554,0.38926092129686296,0.8360819821170391,-0.5375738817696001,-0.3887136227973933,2,0,1,1,1
175,A176,Knighten,Hudson,38.0,M,21.5,1.77,Philippines,Abuyog,control,bachelor,0.061152332224122974,0.5410802611658565,-0.318747612875405,-0.47942490855538344,-0.08001658746159812,0.9868310882942968,0.1537318823695566,0.19080453881981563,-0.16343963801263017,-0.41256799403182143,0,2,2,0,1
176,A177,Chatri,Arnold,53.0,M,21.7,1.74,Thailand,Chiang Klang,control,master,-0.6647156150329758,-0.1305147673748197,-0.6469066716132585,0.7571572419675221,0.8965950773947751,-0.24648503197322946,-0.6568474078405209,0.10416203919369527,0.48088910198504253,-0.4370137889631409,2,1,1,1,2
177,A178,Jyelle,Burnett,37.0,F,26.2,1.6,Iran,Sedeh Lanjān,case,primary,0.16193192490579467,-0.9475206784860826,-0.2718564776260832,-0.0746777979452975,0.2172847723300193,-0.8862689194354141,-0.3946400984700247,0.6500186635370209,0.6594285414406875,-0.6809998889065316,2,1,0,2,2
178,A179,Lipa,Hahn,47.0,M,19.3,1.94,Canada,West Lincoln,case,primary,0.890310629585001,0.4449055750245665,0.11204859765560693,0.6361377207378942,-0.9165442682481504,-0.3296432657325994,0.507241211764476,0.8431716542347181,0.04232584268644146,-0.9863821064354135,2,0,2,0,1
179,A180,Werner,Mooney,37.0,M,18.7,1.88,Egypt,Ziftá,case,primary,0.4435437078302642,0.845931084411333,0.678680707976437,-0.44896643370822376,-0.9788612951853353,-0.14925784052563373,0.35394218965873514,-0.07186537452311303,0.6717188257031781,0.9581359111031587,0,0,0,2,2
180,A181,Bladimir,Matthews,27.0,M,23.3,1.72,Spain,Alhama de Murcia,control,primary,0.7363526849183353,-0.3436726007872184,0.02168422847214213,-0.27134607171047165,-0.20914643128070054,0.5540810086600791,0.09137875051584832,-0.37107187365951333,0.8083725096600587,-0.19045603121598398,2,0,1,0,1
181,A182,Delilahrose,Parker,43.0,F,31.9,1.42,Brazil,São Joaquim de Bicas,case,primary,0.6177250819849378,0.16210660570230906,0.9910239171805493,-0.11601655360159291,0.00842478322377449,-0.6503271018912986,0.046241307254349495,0.2038798184621291,0.36358234905661635,-0.15082710947928213,2,1,2,2,1
182,A183,Prisa,Noble,45.0,F,32.2,1.41,Italy,Cosenza,control,high school,-0.4352877838315916,-0.7238643246646983,0.898990729085495,-0.3559710198841959,-0.9522801405446741,-0.7357247859996539,-0.7173435016485723,-0.49510055488397176,-0.09031958644462224,0.910005252875641,1,0,2,1,2
183,A184,Noria,Blackwell,53.0,F,32.1,1.42,Italy,Agliana,control,high school,-0.0044979403917011496,-0.857798060116236,-0.5202680592916074,-0.08146582693560567,0.5919751358134093,-0.4354006433023305,-0.19448133998013906,-0.6982515211076681,-0.45881559495872315,0.43935594994451854,0,1,2,2,2
184,A185,Kaely,Hoover,39.0,F,31.0,1.45,Tanzania,Tunduma,control,bachelor,-0.7381832166392626,-0.016103479525730435,0.6983277890874584,0.4991310179377435,0.6409977408164595,-0.13492782933465608,0.970502791024747,-0.24550427612181802,0.7267985480524615,-0.171103722436744,1,0,2,0,2
185,A186,Talene,Becker,34.0,F,24.4,1.65,United States,West Palm Beach,case,primary,0.8154767045353943,0.7621907790571072,-0.4658852815961487,0.5811050016522077,0.952841770885984,0.7766636698993472,-0.3926667495529297,0.6827359996518434,-0.43135041687234454,-0.030869454045076683,1,2,0,2,1
186,A187,Tannette,Carroll,46.0,F,28.9,1.52,Russia,Millerovo,control,bachelor,-0.8569846320646137,-0.7375208651798,0.7080603692573519,0.47936005619428657,-0.14934474028118871,0.6326628778970047,-0.10673105027771901,0.0339540982344253,-0.9411820606348777,0.47452852227685605,2,0,1,2,1
187,A188,Gaetan,Larson,42.0,M,22.1,1.77,United States,Jackson,control,primary,0.5916336905946666,0.6537548575009708,-0.4826763895158557,0.7664156327816551,-0.009650879688678948,0.33975113035840243,0.456456252667532,-0.6732758771036467,-0.9553983243660331,0.2878749468147632,1,2,2,2,2
188,A189,Aren,Abbott,43.0,M,20.3,1.82,Slovakia,Ilava,control,high school,-0.4987896895041144,0.39937671143401565,0.8386447924362876,0.5610103947855203,-0.2037094489309681,-0.5388868945426812,-0.035840708577019376,-0.5938142300006779,-0.9647228684594649,-0.45698050864942363,1,1,0,0,2
189,A190,Maebella,Carney,39.0,F,28.2,1.56,United States,East Hills,control,primary,0.9733146543158011,-0.554902509172353,0.5809477570043498,0.795042011870416,-0.7593534321738353,0.02845024644084715,-0.35820242396026925,-0.8773540771768633,0.34502031781652254,0.6660927492586415,2,0,1,1,2
190,A191,Orus,Prince,52.0,M,21.9,1.77,United States,Gary,case,primary,0.2530292341660516,-0.8954062550537516,-0.9358949019311449,-0.247875791217254,-0.5029523060842849,0.12668871351902755,0.6242794792290098,-0.32197714317823256,-0.1505070328243716,-0.09269764366368904,0,2,0,0,0
191,A192,Quintavion,Duffy,44.0,M,24.6,1.61,Italy,Fiesole,case,primary,-0.3718462419129407,-0.6056838106124203,0.1641797420343698,0.8980617597591432,-0.8917393181525175,-0.9733219025456907,0.46947979879679425,-0.4249282436501478,-0.22479765410721253,0.8373701273820018,0,1,2,0,0
192,A193,Tarhnee,Obrien,59.0,F,32.7,1.41,Brazil,Franco da Rocha,case,bachelor,-0.020895241024729172,-0.2104238192581036,-0.21378532329907163,-0.6678236815885576,-0.21991279057004265,-0.7662601210042455,0.015125156914388649,0.07896800876447996,0.08172007745066656,0.6878721898583411,0,2,0,2,0
193,A194,Summah-Rose,Mathis,51.0,F,26.3,1.57,Brazil,Pinhalzinho,control,high school,0.24187923729350813,0.7311238313593118,-0.656597629702947,-0.35971424694377085,-0.6011275186162495,0.14294890964950646,0.6828727995490429,-0.7479362853703178,0.30358551198694506,0.1837894451870159,2,0,2,2,1
194,A195,Elaijah,Riddle,47.0,F,28.3,1.5,Belarus,Kruhlaye,case,high school,0.9878347631704976,-0.9979181800595824,0.8191948773756432,-0.12703517311229295,0.9375213030310963,-0.5002830146777637,0.9993932946248116,-0.704568974196706,0.6002919862158158,-0.7034687548758607,0,0,0,0,2
195,A196,Vontarius,Farmer,24.0,M,24.5,1.65,Thailand,Pran Buri,case,primary,0.6341709082647824,-0.058478524184723435,0.71761043188453,0.31536547587368724,-0.025536624966451926,0.34741963552124755,-0.688796225762482,0.5253349585061278,-0.8714046288758062,-0.6608775257766204,0,0,1,1,0
196,A197,Breahnn,Woodward,46.0,F,18.4,1.96,Canada,Port Alberni,case,high school,0.6059614583632202,-0.7449142912686313,0.24901992320061028,0.6273884243564842,0.981058371277687,-0.32867978792938435,0.0068698512016178714,0.051595470958829326,0.16501889688835303,-0.627788715238361,0,1,2,0,0
197,A198,Blossom,Gallegos,44.0,F,32.7,1.4,Turkey,Bingöl,control,phD,0.6780205227411173,0.8210466665093814,-0.345650713951255,-0.09655082253185321,-0.657572244228166,-0.04482972222555315,0.44732714751755065,-0.8928279182114285,0.15655392472878327,-0.9254992699401441,1,2,0,0,2
198,A199,Gaintarna,Mathews,48.0,M,20.8,1.84,Brazil,Santa Cruz do Capibaribe,case,bachelor,-0.3783564601283076,-0.9554448414068981,-0.5500582175793631,0.6658883680532617,0.5810354479117021,-0.4746262711677314,-0.31897453121582453,0.2797603712612382,0.243679074763955,-0.6379878804717061,2,1,0,1,2
199,A200,Jemyma,Ray,50.0,F,24.2,1.64,Russia,Ikryanoye,case,high school,-0.9010353562866065,-0.14511447730636107,-0.23304322969485258,-0.5188790005475923,0.47263162995903407,0.6792958124677069,0.10818267773652868,-0.8035569893200267,-0.9258667528880127,-0.9049502340777873,1,0,2,1,2
200,A201,Mihika,Simon,36.0,F,32.0,1.43,France,Saint-Flour,case,phD,-0.717437857181163,-0.27230251015510887,0.4976158251241014,-0.145353720653848,0.8585056092085046,-0.03535031833000479,-0.009302897844662317,0.38602088865609496,0.2380257156668395,0.35305982280839276,0,1,1,2,0
201,A202,Neiman,Murillo,48.0,M,21.9,1.76,United States,Westwood,control,master,0.08947817193746466,0.6636937069545534,-0.8880581368621658,0.9814640160360442,0.32753365306738913,-0.24408795776841896,-0.5789183762352681,0.7213582234616529,0.4267635981674047,0.49252506125037954,1,2,1,1,1
202,A203,Albree,Cooley,34.0,F,30.7,1.44,South Africa,Springs,control,high school,0.33426606975808215,0.2615477200139016,0.16319920703553237,0.6118069823894956,-0.5294359135871385,0.9709457644744561,-0.8372030896088274,0.47399414941934803,-0.5912733506843924,0.4356621530993128,0,1,2,1,0
203,A204,Elle-Jean,Evans,60.0,F,30.3,1.51,United States,Mocksville,case,primary,-0.012957153721010028,-0.7797388630567836,-0.9412714509068465,-0.07476282708985216,-0.9818024456250858,0.14234183457131966,0.18629420274655706,-0.8074182768223173,0.5736978672256106,0.7534100756935096,2,0,1,0,2
204,A205,Jesly,Briggs,27.0,F,31.2,1.44,Thailand,Pong Nam Ron,case,primary,0.599697355884931,-0.08834542877853035,0.28917945445895965,-0.22012673548983575,0.8576367375753358,-0.47529456376389034,-0.46242863369078346,-0.9047726458677068,-0.18458883985634178,0.7059725387393698,1,0,2,2,2
205,A206,Creolia,Berg,22.0,F,21.9,1.78,Italy,San Ferdinando di Puglia,case,primary,-0.4796509273815779,-0.4311395672623557,-0.6487252010200817,0.09911950182648233,-0.4162498207542429,-0.38783528658828215,0.1951262196160215,-0.9152013651252353,-0.8229384000747282,0.8602024016404128,1,2,2,1,1
206,A207,Saarav,White,23.0,M,21.6,1.8,Egypt,Maţāy,control,high school,0.01072998743165443,0.8865231408187344,-0.7952712731018643,-0.8709597468524055,-0.8741679570100105,-0.7261651814340258,-0.8291934842367863,0.20226408075712543,0.9200611285669336,0.835403972263433,0,1,0,2,0
207,A208,Roneika,Cortez,31.0,F,25.2,1.63,France,Longpont-sur-Orge,control,high school,-0.4234155342827899,0.8845744853795467,0.2886166495303588,-0.5260089369903362,0.08135542870006418,-0.23717817205330838,0.6456306992058027,0.32909715799189,0.5027676894778916,-0.8328744981091838,1,1,2,0,1
208,A209,Mayrin,Haynes,29.0,F,25.0,1.64,Slovakia,Bytča,case,phD,-0.04487945408127114,-0.8821016165417437,-0.5291681527176069,0.282286825188798,-0.46152759042216385,-0.7026261257643578,0.23427693707315456,-0.80467600425759,0.19095753035747265,-0.5190753703786557,1,0,1,2,0
209,A210,Luren,Odom,60.0,M,18.7,1.97,United States,Breckenridge,case,primary,-0.6686221428922787,0.694923118702703,-0.8236099550828313,0.8155489214441374,0.3617396227507568,-0.07158522372894405,0.768197062554222,0.2800723563719687,0.39097923449190186,-0.3853040023381884,0,2,0,2,1
210,A211,Harmony-Shae,Eaton,37.0,F,33.2,1.43,France,Agde,control,phD,-0.6758805027469874,-0.7893977413452891,0.8036604890932422,0.38224560371572425,-0.24898353625083147,0.5569757194398506,0.5509574084129272,-0.19026533192770878,0.9687388579494243,0.7405543656715421,2,1,0,0,0
211,A212,Marchella,Craig,27.0,M,18.8,1.94,Liberia,Greenville,control,bachelor,0.1067565099765111,-0.4459980816143587,-0.6583697633852565,-0.6507587037177436,0.295556633916928,0.7488607429807377,-0.758959366129462,-0.933715462379437,0.3391736497713449,0.7330044208895585,2,2,0,2,0
212,A213,Tazion,Gould,51.0,M,19.1,1.93,France,Linselles,control,bachelor,0.8911394523506126,-0.08051655087608411,-0.7271419060747419,0.9427063103401301,0.8235973919577309,0.13715130401053566,-0.45387679368258693,-0.4543099244550799,-0.801115002688352,-0.6889096601471385,2,1,1,2,2
213,A214,Zully,Gill,34.0,F,31.2,1.44,Canada,Pontiac,case,high school,-0.7754582627191642,0.4255518274511285,0.4149156103338576,0.6282046610787704,-0.7330658304617195,-0.29318501362527716,0.11944927332382527,0.807255102385593,-0.08796609062046201,0.6060939499368845,2,2,0,1,0
214,A215,Jamayra,Acevedo,28.0,F,27.4,1.54,United States,Floral Park,control,bachelor,-0.8900013763628623,0.8476127391970574,0.6107629139769255,-0.12015262114929537,0.18473195558246158,-0.4028148144779844,-0.7325710880912231,-0.9715963260858755,0.5064270911856668,-0.03134676744769993,1,2,1,2,2
215,A216,Ruby-Rae,Chambers,49.0,F,21.5,1.81,India,Tonk,control,high school,0.0743270260263329,0.07497704909139657,0.46295740887721615,0.026892611408223743,-0.9351773600207469,-0.1271284815143361,-0.4410410038393202,0.9411954737021291,-0.25287016481142643,-0.8113768400379973,2,1,2,1,0
216,A217,Rashid@Robhi,Joseph,46.0,F,28.5,1.53,Netherlands,Zeeland,case,primary,-0.5574764160285814,-0.8868638509380962,0.6969026625869634,-0.6731402186618951,-0.9931163313484384,0.25976751316699054,0.7420638674445228,0.11117975158357085,0.8422605277028405,0.39924112487161567,2,0,0,2,2
217,A218,Dorthie,Fernandez,36.0,F,30.1,1.49,United States,Moraga,control,high school,-0.9232994283649554,0.25450595926768305,0.03538624182745731,0.09182260742535431,0.6207546313119823,0.4004192128622248,0.8807373609634284,-0.026202187222091,0.09128571560051624,-0.9349833699613634,2,1,0,2,1
218,A219,Adiela,Terrell,54.0,F,26.5,1.57,France,Pamiers,case,high school,0.1446489357914469,0.778995827952552,-0.9948366766754917,-0.8768689360050079,-0.003715089571331376,0.14410883922458928,-0.3697299519698707,0.7627901434912823,0.0020555110211206706,0.6549993641965302,2,2,0,1,0
219,A220,Keondria,Rogers,41.0,F,30.1,1.47,Germany,Mömbris,control,bachelor,0.16189519324416612,-0.9967055836257839,-0.9940894935832558,0.15241745550500396,0.4769070625657936,-0.06975661515769538,0.2507674443114236,-0.047701783590495817,-0.7342576710687445,-0.5367892144268911,1,0,1,1,0
220,A221,Balroop,Rhodes,56.0,M,19.2,1.86,Germany,Rheinfelden (Baden),case,high school,0.9549587727875781,0.9967807855740818,0.5976467638857974,-0.9325406926093602,0.961014419653782,-0.1884802686543008,-0.202302974974518,-0.9126049098286702,-0.4470475731571415,0.011540831268544327,2,1,2,2,2
221,A222,Ishna,Rasmussen,45.0,F,23.0,1.74,Mexico,Cardonal,case,high school,-0.5028169696791813,-0.5757897304783164,0.783391429298949,-0.8405023547968327,-0.8029665185650445,0.4249376036301775,0.6085444109082014,-0.9773757946460286,-0.07965471487009101,0.6203298879684267,1,1,2,0,1
222,A223,Gargola,Santiago,56.0,M,19.6,1.87,United States,Tulsa,control,primary,-0.7845358564655776,-0.8059875685786231,0.2255868441440423,-0.6954716388945676,0.4936304274641188,-0.9531510621739678,0.7549356045922393,-0.15621468362021207,-0.9913530145097096,0.3593575032381262,0,2,1,0,0
223,A224,Laverda,Daugherty,41.0,F,29.1,1.52,Yemen,Ash Shaykh ‘Uthmān,case,primary,0.1924396683034999,0.008227903353136945,0.8616269796026934,0.1665692070387459,-0.1602908074796443,0.33165862010894576,0.4913091360534769,-0.5055046430796262,-0.8057962474127396,0.9771341485699965,2,1,0,2,0
224,A225,Praneet,Rosales,28.0,F,30.5,1.45,Philippines,Tarangnan,control,bachelor,0.7803684873422516,0.5173995292297418,0.6267035614035801,0.25636053447371876,0.5356593410795507,-0.04174080886332976,-0.1289824222353697,-0.9095638200850866,-0.8054360216450389,-0.615101489030633,1,0,2,0,0
225,A226,Angela-Lea,Morse,64.0,F,25.8,1.58,France,Mions,control,primary,-0.9383925765675858,-0.8656079008927153,0.4612481949011815,0.5094795064978817,0.5520463326649891,0.3360314832375102,-0.6926794639834322,0.39379686641202194,-0.9732478255387107,-0.7889570655966711,2,1,1,2,2
226,A227,Lorna,Graham,35.0,F,27.7,1.54,France,Saint-Mars-du-Désert,control,phD,-0.4910374034560203,-0.9357660642194214,-0.5419297703934185,-0.4211708530630922,-0.21012215759824793,-0.9530497307979926,-0.24631509565394527,0.6770474836474238,0.06688357450617577,0.5048163003727464,2,2,0,1,1
227,A228,Yoexis,Moon,38.0,M,17.3,1.98,United States,Lansing,case,primary,0.037772335200616736,-0.759714528299344,0.7828967942194534,-0.4516077020423488,-0.4645601936802888,0.6634027575455665,-0.08114497995056547,0.8608616194583281,-0.07605071126682184,0.2167378923507095,1,2,2,2,0
228,A229,Lu,Barajas,33.0,F,27.8,1.54,United States,St. Anthony,case,primary,0.3651634300215776,0.5097446699983221,0.5700063865939413,-0.8766987347467519,-0.11953239042290975,-0.09088011925947614,0.7240335632691204,0.09724408780306715,0.12980309319426375,-0.9563110804224197,1,2,2,1,2
229,A230,Angelynna,Pace,38.0,F,22.7,1.74,Brazil,Pelotas,case,high school,-0.6409786354212743,-0.48692084363448007,-0.437836643569796,0.4960055378449779,-0.9260445242638065,-0.23827097450741186,0.09773990303408753,0.25276114506043457,-0.06385368024652571,-0.08171965995722741,1,0,0,2,1
230,A231,Addylin,Fisher,42.0,F,27.2,1.53,Poland,Sieradz,control,bachelor,0.36613443802461165,0.03709920524036381,-0.40928181204218217,-0.7105913118379086,0.7911357627429645,0.06298168039580676,-0.2758168217479884,-0.6872799348281413,0.3578629437012988,-0.7380216887628577,0,1,2,0,2
231,A232,Guldasta,Hanson,42.0,F,29.1,1.51,China,Weinan,control,high school,-0.14057583372830695,0.368287326137845,0.6971741606813737,-0.4999451814841187,0.9447534287798227,0.9650346835066215,-0.956581831903248,-0.8742445353434334,0.2603425180286498,-0.518077522734637,0,2,0,1,2
232,A233,Sateesh,Valentine,47.0,M,17.5,1.95,United States,North Lauderdale,control,primary,-0.2854912871608175,0.44507404140578166,-0.9089066649789257,-0.5371514570360569,0.8885005794634926,0.5839180954354037,-0.8235604650490247,-0.7594069289552596,-0.4778196116957949,0.4070113592703457,1,1,0,0,0
233,A234,Artur,Mccormick,58.0,M,21.0,1.79,Morocco,Oulad Sbih,control,primary,0.509819118300104,-0.030531231265493064,0.90314318571487,-0.002574024528042118,0.27089409859312075,0.29088664361104155,0.27517116916126816,0.8475637683725925,0.020010210982225995,-0.40859316205457774,1,2,1,0,0
234,A235,Myar,Roach,39.0,F,19.2,1.92,Austria,Deutschlandsberg,case,high school,-0.33443368430193376,-0.22161325860429693,-0.6523791149927443,-0.10285114691049202,-0.6774338532741944,0.4615911582873715,0.5917869370799893,0.22290427279572378,0.32469469740642776,0.4327742231138332,0,1,1,1,0
235,A236,Teva,Hendrix,28.0,F,29.7,1.47,South Africa,Upington,control,bachelor,-0.7568101301492067,-0.7026172630229539,-0.4581990432244669,-0.9947230651589256,-0.32119838178667304,-0.016147383982809238,0.7265960521527712,-0.07504877019323208,-0.9485184642215863,-0.2983687373844268,1,1,1,0,2
236,A237,Jasmir,Dennis,28.0,M,23.3,1.7,United States,Highland Heights,case,bachelor,0.8910203444184446,0.11705696880680105,-0.6211340093754805,-0.8687921509645256,0.9694886760963215,-0.7646115156299631,0.2479408589161094,-0.48685088973636503,0.21825477029899565,-0.6554076267293112,0,2,0,1,2
237,A238,Semya,Preston,33.0,F,26.6,1.59,Hungary,Vésztő,case,primary,0.8525245759187436,-0.4364621694546278,-0.6044400867487845,-0.5249209399402319,-0.08075301951981095,-0.4972341721689171,-0.14458972810494886,0.23299563412149937,-0.9146227306890193,-0.5195136193684295,0,2,1,0,1
238,A239,Dmarco,Gardner,23.0,M,18.1,1.95,Germany,Leinefelde,case,primary,-0.6842264138183085,0.4104433070372562,0.5933251064282228,0.44670741582122364,0.2065076871789182,0.2962974441757338,-0.8049884604872453,0.6040379231611968,0.5054551411708534,0.4068697676411961,2,1,2,2,0
239,A240,Ameline,Taylor,48.0,F,30.8,1.47,Netherlands,Markelo,control,high school,-0.3059666637807743,0.20817844060187007,0.08675047605936337,-0.5682640704045971,0.8648259255997763,-0.8166614871583102,-0.05106269726338786,0.5207611927600524,0.578545620492561,0.49397440780764335,1,0,2,2,2
240,A241,Gafur,Heath,35.0,M,25.7,1.6,Germany,Echzell,control,bachelor,-0.20229290626012553,-0.9577556567087764,0.04287853781956552,-0.9113378773898,-0.3077087150019384,-0.8262614364465137,-0.6991958284013906,0.4017857591805998,0.19165452143701778,0.39009421687892076,0,2,0,1,0
241,A242,Normon,Long,37.0,M,20.2,1.82,China,Huai’an,control,primary,0.259147392878889,0.49651664654641814,0.1324434089708657,-0.05855856051567043,0.48152282003932934,0.15436675814063183,0.555537050347676,0.4953691192470431,-0.39550253805261115,0.024952023910365773,0,1,2,2,2
242,A243,Eshanvi,Jennings,40.0,F,30.6,1.46,United States,Denton,case,bachelor,-0.6511066961641909,0.3904699297995422,0.055161084607390665,-0.09876351215145096,0.05563336180614087,-0.8011881447116691,0.03611533170049852,-0.8519658987678851,0.6362232050678869,-0.1884519229118531,0,2,1,0,1
243,A244,Kennita,Liu,26.0,F,25.7,1.63,United States,Greendale,control,bachelor,-0.7493367694678519,0.21479657136177832,-0.04240461288649633,0.5312477941801925,0.6637687047144107,0.49722237013714743,-0.09162550298663308,0.5532851654636974,0.8063959720507321,-0.4043878509114891,2,2,1,2,1
244,A245,Angenique,Valenzuela,31.0,F,30.2,1.48,Iran,Zābol,control,high school,-0.6139488419697876,-0.8155516037919159,-0.3912197470168046,-0.4444445459870554,-0.4216452218477458,0.6600035552134147,-0.3094114555349856,-0.24486919639920912,0.08603421108994924,-0.8250221777588229,0,2,1,2,0
245,A246,Sabrinia,Quinn,47.0,F,23.8,1.68,Belarus,Babruysk,case,master,0.16681070087945304,0.030459046313208615,-0.5673676714137512,-0.9051915966741986,-0.06547936672486476,-0.6012885161527728,-0.8216966068807945,-0.03955771205336567,0.028593398503653944,-0.1788669299160055,0,2,2,1,0
246,A247,Zolah,Burch,46.0,F,32.1,1.42,Germany,Mittweida,control,high school,0.9576060778278155,0.11086493155440125,0.7160771970095452,0.70307821353531,0.5817309006351019,-0.6855671869514384,-0.7279053776671711,-0.8444403583958155,-0.07789911475332323,-0.4310794247396641,2,2,1,2,2
247,A248,Falen,Tate,36.0,F,32.0,1.41,Uganda,Kumi,case,primary,0.048185268881526744,-0.9361148511203277,-0.8230532007598881,-0.8166658064854679,0.4638699825622472,0.3864960756012712,0.3276612735112088,-0.8457720392876611,0.4261635654751428,0.7673028679540321,2,0,1,2,2
248,A249,Harroll,Olson,58.0,M,24.7,1.64,United Kingdom,Tipton,case,high school,-0.5270370126212782,0.31070801329177344,-0.29412120835065814,-0.03897503886348397,0.08799923387001041,0.6272831224686728,-0.48116265580407447,0.6193344288856479,0.07872427962832562,-0.7621344392786238,2,2,1,0,0
249,A250,Khobi,Massey,27.0,M,21.9,1.78,United Kingdom,Southwell,case,master,0.6980772683879592,0.29474876575954734,-0.9313814607268436,-0.07551342597010602,-0.3780361385343731,0.16888474809568454,0.44878175268816123,-0.22557164070242952,-0.31402355634345636,-0.27838746393498504,1,0,0,1,2
